CREATE DATABASE  IF NOT EXISTS `conphid` /*!40100 DEFAULT CHARACTER SET latin1 */;
USE `conphid`;
-- MySQL dump 10.13  Distrib 5.6.24, for Win64 (x86_64)
--
-- Host: 127.0.0.1    Database: conphid
-- ------------------------------------------------------
-- Server version	5.6.25

/*!40101 SET @OLD_CHARACTER_SET_CLIENT=@@CHARACTER_SET_CLIENT */;
/*!40101 SET @OLD_CHARACTER_SET_RESULTS=@@CHARACTER_SET_RESULTS */;
/*!40101 SET @OLD_COLLATION_CONNECTION=@@COLLATION_CONNECTION */;
/*!40101 SET NAMES utf8 */;
/*!40103 SET @OLD_TIME_ZONE=@@TIME_ZONE */;
/*!40103 SET TIME_ZONE='+00:00' */;
/*!40014 SET @OLD_UNIQUE_CHECKS=@@UNIQUE_CHECKS, UNIQUE_CHECKS=0 */;
/*!40014 SET @OLD_FOREIGN_KEY_CHECKS=@@FOREIGN_KEY_CHECKS, FOREIGN_KEY_CHECKS=0 */;
/*!40101 SET @OLD_SQL_MODE=@@SQL_MODE, SQL_MODE='NO_AUTO_VALUE_ON_ZERO' */;
/*!40111 SET @OLD_SQL_NOTES=@@SQL_NOTES, SQL_NOTES=0 */;

--
-- Dumping data for table `bookmarks`
--

LOCK TABLES `bookmarks` WRITE;
/*!40000 ALTER TABLE `bookmarks` DISABLE KEYS */;
INSERT INTO `bookmarks` VALUES ('2414ef8b2da83d05dc3971a7c06593e4','0919fe44fdbbd233e5e2e8587006b7b2','Threads',1443353950),('2414ef8b2da83d05dc3971a7c06593e4','18958e30bdca0cfac8256824e570a89b','Posts',1443391820),('2414ef8b2da83d05dc3971a7c06593e4','1bc29b36f623ba82aaf6724fd3b16718','md5',1443353920),('2414ef8b2da83d05dc3971a7c06593e4','21cec257feb15bcc84e0acd5b0773883','Privacy Policy',1443596657),('2414ef8b2da83d05dc3971a7c06593e4','2af72f100c356273d46284f6fd1dfc08','Version History',1443391949),('2414ef8b2da83d05dc3971a7c06593e4','418c5509e2171d55b0aee5c2ea4442b5','Moderator Action',1443391661),('2414ef8b2da83d05dc3971a7c06593e4','5f6bc08c46cee6f21bfcdd08aff6e8aa','Commands',1443391493),('2414ef8b2da83d05dc3971a7c06593e4','9a6dd283c3de653fbca500f9721f634f','Apps',1443391411),('2414ef8b2da83d05dc3971a7c06593e4','9bc65c2abec141778ffaa729489f3e87','Users',1443353883),('2414ef8b2da83d05dc3971a7c06593e4','bf001056fdb6d253036b96f2f33f8f96','About',1443353877),('2414ef8b2da83d05dc3971a7c06593e4','d63aadefb84d945d3faa8eaa35f5015d','Glossary',1443425249),('2414ef8b2da83d05dc3971a7c06593e4','da75cd652254fce37e953d7f261f132d','FAQ',1443391539),('2414ef8b2da83d05dc3971a7c06593e4','f867a4fdb09b251cca05d0a8937af271','Planned Improvements',1443391734),('2414ef8b2da83d05dc3971a7c06593e4','fe5fe0415fc3e0ff4942d8454f363d2c','Known Issues',1443391592);
/*!40000 ALTER TABLE `bookmarks` ENABLE KEYS */;
UNLOCK TABLES;

--
-- Dumping data for table `edits`
--

LOCK TABLES `edits` WRITE;
/*!40000 ALTER TABLE `edits` DISABLE KEYS */;
/*!40000 ALTER TABLE `edits` ENABLE KEYS */;
UNLOCK TABLES;

--
-- Dumping data for table `feed`
--

LOCK TABLES `feed` WRITE;
/*!40000 ALTER TABLE `feed` DISABLE KEYS */;
INSERT INTO `feed` VALUES ('bf001056fdb6d253036b96f2f33f8f96','2414ef8b2da83d05dc3971a7c06593e4',1443650969,1);
/*!40000 ALTER TABLE `feed` ENABLE KEYS */;
UNLOCK TABLES;

--
-- Dumping data for table `invitations`
--

LOCK TABLES `invitations` WRITE;
/*!40000 ALTER TABLE `invitations` DISABLE KEYS */;
/*!40000 ALTER TABLE `invitations` ENABLE KEYS */;
UNLOCK TABLES;

--
-- Dumping data for table `links`
--

LOCK TABLES `links` WRITE;
/*!40000 ALTER TABLE `links` DISABLE KEYS */;
INSERT INTO `links` VALUES ('0919fe44fdbbd233e5e2e8587006b7b2','0919fe44fdbbd233e5e2e8587006b7b2',1443614354,'2414ef8b2da83d05dc3971a7c06593e4'),('0919fe44fdbbd233e5e2e8587006b7b2','18958e30bdca0cfac8256824e570a89b',1443614365,'2414ef8b2da83d05dc3971a7c06593e4'),('0919fe44fdbbd233e5e2e8587006b7b2','1bc29b36f623ba82aaf6724fd3b16718',1443614649,'2414ef8b2da83d05dc3971a7c06593e4'),('0919fe44fdbbd233e5e2e8587006b7b2','21cec257feb15bcc84e0acd5b0773883',1443614672,'2414ef8b2da83d05dc3971a7c06593e4'),('0919fe44fdbbd233e5e2e8587006b7b2','2af72f100c356273d46284f6fd1dfc08',1443614681,'2414ef8b2da83d05dc3971a7c06593e4'),('0919fe44fdbbd233e5e2e8587006b7b2','418c5509e2171d55b0aee5c2ea4442b5',1443614715,'2414ef8b2da83d05dc3971a7c06593e4'),('0919fe44fdbbd233e5e2e8587006b7b2','5f6bc08c46cee6f21bfcdd08aff6e8aa',1443614376,'2414ef8b2da83d05dc3971a7c06593e4'),('0919fe44fdbbd233e5e2e8587006b7b2','9a6dd283c3de653fbca500f9721f634f',1443614391,'2414ef8b2da83d05dc3971a7c06593e4'),('0919fe44fdbbd233e5e2e8587006b7b2','9bc65c2abec141778ffaa729489f3e87',1443614339,'2414ef8b2da83d05dc3971a7c06593e4'),('0919fe44fdbbd233e5e2e8587006b7b2','bf001056fdb6d253036b96f2f33f8f96',1443614338,'2414ef8b2da83d05dc3971a7c06593e4'),('0919fe44fdbbd233e5e2e8587006b7b2','da75cd652254fce37e953d7f261f132d',1443614660,'2414ef8b2da83d05dc3971a7c06593e4'),('0919fe44fdbbd233e5e2e8587006b7b2','f867a4fdb09b251cca05d0a8937af271',1443614692,'2414ef8b2da83d05dc3971a7c06593e4'),('0919fe44fdbbd233e5e2e8587006b7b2','fe5fe0415fc3e0ff4942d8454f363d2c',1443614703,'2414ef8b2da83d05dc3971a7c06593e4'),('18958e30bdca0cfac8256824e570a89b','0919fe44fdbbd233e5e2e8587006b7b2',1443614354,'2414ef8b2da83d05dc3971a7c06593e4'),('18958e30bdca0cfac8256824e570a89b','18958e30bdca0cfac8256824e570a89b',1443614365,'2414ef8b2da83d05dc3971a7c06593e4'),('18958e30bdca0cfac8256824e570a89b','1bc29b36f623ba82aaf6724fd3b16718',1443614649,'2414ef8b2da83d05dc3971a7c06593e4'),('18958e30bdca0cfac8256824e570a89b','21cec257feb15bcc84e0acd5b0773883',1443614672,'2414ef8b2da83d05dc3971a7c06593e4'),('18958e30bdca0cfac8256824e570a89b','2af72f100c356273d46284f6fd1dfc08',1443614681,'2414ef8b2da83d05dc3971a7c06593e4'),('18958e30bdca0cfac8256824e570a89b','418c5509e2171d55b0aee5c2ea4442b5',1443614715,'2414ef8b2da83d05dc3971a7c06593e4'),('18958e30bdca0cfac8256824e570a89b','5f6bc08c46cee6f21bfcdd08aff6e8aa',1443614376,'2414ef8b2da83d05dc3971a7c06593e4'),('18958e30bdca0cfac8256824e570a89b','9a6dd283c3de653fbca500f9721f634f',1443614391,'2414ef8b2da83d05dc3971a7c06593e4'),('18958e30bdca0cfac8256824e570a89b','9bc65c2abec141778ffaa729489f3e87',1443614339,'2414ef8b2da83d05dc3971a7c06593e4'),('18958e30bdca0cfac8256824e570a89b','bf001056fdb6d253036b96f2f33f8f96',1443614338,'2414ef8b2da83d05dc3971a7c06593e4'),('18958e30bdca0cfac8256824e570a89b','da75cd652254fce37e953d7f261f132d',1443614660,'2414ef8b2da83d05dc3971a7c06593e4'),('18958e30bdca0cfac8256824e570a89b','f867a4fdb09b251cca05d0a8937af271',1443614692,'2414ef8b2da83d05dc3971a7c06593e4'),('18958e30bdca0cfac8256824e570a89b','fe5fe0415fc3e0ff4942d8454f363d2c',1443614703,'2414ef8b2da83d05dc3971a7c06593e4'),('1bc29b36f623ba82aaf6724fd3b16718','0919fe44fdbbd233e5e2e8587006b7b2',1443614354,'2414ef8b2da83d05dc3971a7c06593e4'),('1bc29b36f623ba82aaf6724fd3b16718','18958e30bdca0cfac8256824e570a89b',1443614365,'2414ef8b2da83d05dc3971a7c06593e4'),('1bc29b36f623ba82aaf6724fd3b16718','1bc29b36f623ba82aaf6724fd3b16718',1443614649,'2414ef8b2da83d05dc3971a7c06593e4'),('1bc29b36f623ba82aaf6724fd3b16718','21cec257feb15bcc84e0acd5b0773883',1443614672,'2414ef8b2da83d05dc3971a7c06593e4'),('1bc29b36f623ba82aaf6724fd3b16718','2af72f100c356273d46284f6fd1dfc08',1443614681,'2414ef8b2da83d05dc3971a7c06593e4'),('1bc29b36f623ba82aaf6724fd3b16718','418c5509e2171d55b0aee5c2ea4442b5',1443614715,'2414ef8b2da83d05dc3971a7c06593e4'),('1bc29b36f623ba82aaf6724fd3b16718','5f6bc08c46cee6f21bfcdd08aff6e8aa',1443614376,'2414ef8b2da83d05dc3971a7c06593e4'),('1bc29b36f623ba82aaf6724fd3b16718','9a6dd283c3de653fbca500f9721f634f',1443614391,'2414ef8b2da83d05dc3971a7c06593e4'),('1bc29b36f623ba82aaf6724fd3b16718','9bc65c2abec141778ffaa729489f3e87',1443614339,'2414ef8b2da83d05dc3971a7c06593e4'),('1bc29b36f623ba82aaf6724fd3b16718','bf001056fdb6d253036b96f2f33f8f96',1443614338,'2414ef8b2da83d05dc3971a7c06593e4'),('1bc29b36f623ba82aaf6724fd3b16718','da75cd652254fce37e953d7f261f132d',1443614660,'2414ef8b2da83d05dc3971a7c06593e4'),('1bc29b36f623ba82aaf6724fd3b16718','f867a4fdb09b251cca05d0a8937af271',1443614692,'2414ef8b2da83d05dc3971a7c06593e4'),('1bc29b36f623ba82aaf6724fd3b16718','fe5fe0415fc3e0ff4942d8454f363d2c',1443614703,'2414ef8b2da83d05dc3971a7c06593e4'),('21cec257feb15bcc84e0acd5b0773883','0919fe44fdbbd233e5e2e8587006b7b2',1443614354,'2414ef8b2da83d05dc3971a7c06593e4'),('21cec257feb15bcc84e0acd5b0773883','18958e30bdca0cfac8256824e570a89b',1443614365,'2414ef8b2da83d05dc3971a7c06593e4'),('21cec257feb15bcc84e0acd5b0773883','1bc29b36f623ba82aaf6724fd3b16718',1443614649,'2414ef8b2da83d05dc3971a7c06593e4'),('21cec257feb15bcc84e0acd5b0773883','21cec257feb15bcc84e0acd5b0773883',1443614672,'2414ef8b2da83d05dc3971a7c06593e4'),('21cec257feb15bcc84e0acd5b0773883','2af72f100c356273d46284f6fd1dfc08',1443614681,'2414ef8b2da83d05dc3971a7c06593e4'),('21cec257feb15bcc84e0acd5b0773883','418c5509e2171d55b0aee5c2ea4442b5',1443614715,'2414ef8b2da83d05dc3971a7c06593e4'),('21cec257feb15bcc84e0acd5b0773883','5f6bc08c46cee6f21bfcdd08aff6e8aa',1443614376,'2414ef8b2da83d05dc3971a7c06593e4'),('21cec257feb15bcc84e0acd5b0773883','9a6dd283c3de653fbca500f9721f634f',1443614391,'2414ef8b2da83d05dc3971a7c06593e4'),('21cec257feb15bcc84e0acd5b0773883','9bc65c2abec141778ffaa729489f3e87',1443614339,'2414ef8b2da83d05dc3971a7c06593e4'),('21cec257feb15bcc84e0acd5b0773883','bf001056fdb6d253036b96f2f33f8f96',1443614338,'2414ef8b2da83d05dc3971a7c06593e4'),('21cec257feb15bcc84e0acd5b0773883','da75cd652254fce37e953d7f261f132d',1443614660,'2414ef8b2da83d05dc3971a7c06593e4'),('21cec257feb15bcc84e0acd5b0773883','f867a4fdb09b251cca05d0a8937af271',1443614692,'2414ef8b2da83d05dc3971a7c06593e4'),('21cec257feb15bcc84e0acd5b0773883','fe5fe0415fc3e0ff4942d8454f363d2c',1443614703,'2414ef8b2da83d05dc3971a7c06593e4'),('2af72f100c356273d46284f6fd1dfc08','0919fe44fdbbd233e5e2e8587006b7b2',1443614354,'2414ef8b2da83d05dc3971a7c06593e4'),('2af72f100c356273d46284f6fd1dfc08','18958e30bdca0cfac8256824e570a89b',1443614365,'2414ef8b2da83d05dc3971a7c06593e4'),('2af72f100c356273d46284f6fd1dfc08','1bc29b36f623ba82aaf6724fd3b16718',1443614649,'2414ef8b2da83d05dc3971a7c06593e4'),('2af72f100c356273d46284f6fd1dfc08','21cec257feb15bcc84e0acd5b0773883',1443614672,'2414ef8b2da83d05dc3971a7c06593e4'),('2af72f100c356273d46284f6fd1dfc08','2af72f100c356273d46284f6fd1dfc08',1443614681,'2414ef8b2da83d05dc3971a7c06593e4'),('2af72f100c356273d46284f6fd1dfc08','418c5509e2171d55b0aee5c2ea4442b5',1443614715,'2414ef8b2da83d05dc3971a7c06593e4'),('2af72f100c356273d46284f6fd1dfc08','5f6bc08c46cee6f21bfcdd08aff6e8aa',1443614376,'2414ef8b2da83d05dc3971a7c06593e4'),('2af72f100c356273d46284f6fd1dfc08','9a6dd283c3de653fbca500f9721f634f',1443614391,'2414ef8b2da83d05dc3971a7c06593e4'),('2af72f100c356273d46284f6fd1dfc08','9bc65c2abec141778ffaa729489f3e87',1443614339,'2414ef8b2da83d05dc3971a7c06593e4'),('2af72f100c356273d46284f6fd1dfc08','bf001056fdb6d253036b96f2f33f8f96',1443614338,'2414ef8b2da83d05dc3971a7c06593e4'),('2af72f100c356273d46284f6fd1dfc08','da75cd652254fce37e953d7f261f132d',1443614660,'2414ef8b2da83d05dc3971a7c06593e4'),('2af72f100c356273d46284f6fd1dfc08','f867a4fdb09b251cca05d0a8937af271',1443614692,'2414ef8b2da83d05dc3971a7c06593e4'),('2af72f100c356273d46284f6fd1dfc08','fe5fe0415fc3e0ff4942d8454f363d2c',1443614703,'2414ef8b2da83d05dc3971a7c06593e4'),('418c5509e2171d55b0aee5c2ea4442b5','0919fe44fdbbd233e5e2e8587006b7b2',1443614354,'2414ef8b2da83d05dc3971a7c06593e4'),('418c5509e2171d55b0aee5c2ea4442b5','18958e30bdca0cfac8256824e570a89b',1443614365,'2414ef8b2da83d05dc3971a7c06593e4'),('418c5509e2171d55b0aee5c2ea4442b5','1bc29b36f623ba82aaf6724fd3b16718',1443614649,'2414ef8b2da83d05dc3971a7c06593e4'),('418c5509e2171d55b0aee5c2ea4442b5','21cec257feb15bcc84e0acd5b0773883',1443614672,'2414ef8b2da83d05dc3971a7c06593e4'),('418c5509e2171d55b0aee5c2ea4442b5','2af72f100c356273d46284f6fd1dfc08',1443614681,'2414ef8b2da83d05dc3971a7c06593e4'),('418c5509e2171d55b0aee5c2ea4442b5','418c5509e2171d55b0aee5c2ea4442b5',1443614715,'2414ef8b2da83d05dc3971a7c06593e4'),('418c5509e2171d55b0aee5c2ea4442b5','5f6bc08c46cee6f21bfcdd08aff6e8aa',1443614376,'2414ef8b2da83d05dc3971a7c06593e4'),('418c5509e2171d55b0aee5c2ea4442b5','9a6dd283c3de653fbca500f9721f634f',1443614391,'2414ef8b2da83d05dc3971a7c06593e4'),('418c5509e2171d55b0aee5c2ea4442b5','9bc65c2abec141778ffaa729489f3e87',1443614339,'2414ef8b2da83d05dc3971a7c06593e4'),('418c5509e2171d55b0aee5c2ea4442b5','bf001056fdb6d253036b96f2f33f8f96',1443614338,'2414ef8b2da83d05dc3971a7c06593e4'),('418c5509e2171d55b0aee5c2ea4442b5','da75cd652254fce37e953d7f261f132d',1443614660,'2414ef8b2da83d05dc3971a7c06593e4'),('418c5509e2171d55b0aee5c2ea4442b5','f867a4fdb09b251cca05d0a8937af271',1443614692,'2414ef8b2da83d05dc3971a7c06593e4'),('418c5509e2171d55b0aee5c2ea4442b5','fe5fe0415fc3e0ff4942d8454f363d2c',1443614703,'2414ef8b2da83d05dc3971a7c06593e4'),('5f6bc08c46cee6f21bfcdd08aff6e8aa','0919fe44fdbbd233e5e2e8587006b7b2',1443614354,'2414ef8b2da83d05dc3971a7c06593e4'),('5f6bc08c46cee6f21bfcdd08aff6e8aa','18958e30bdca0cfac8256824e570a89b',1443614365,'2414ef8b2da83d05dc3971a7c06593e4'),('5f6bc08c46cee6f21bfcdd08aff6e8aa','1bc29b36f623ba82aaf6724fd3b16718',1443614649,'2414ef8b2da83d05dc3971a7c06593e4'),('5f6bc08c46cee6f21bfcdd08aff6e8aa','21cec257feb15bcc84e0acd5b0773883',1443614672,'2414ef8b2da83d05dc3971a7c06593e4'),('5f6bc08c46cee6f21bfcdd08aff6e8aa','2af72f100c356273d46284f6fd1dfc08',1443614681,'2414ef8b2da83d05dc3971a7c06593e4'),('5f6bc08c46cee6f21bfcdd08aff6e8aa','418c5509e2171d55b0aee5c2ea4442b5',1443614715,'2414ef8b2da83d05dc3971a7c06593e4'),('5f6bc08c46cee6f21bfcdd08aff6e8aa','5f6bc08c46cee6f21bfcdd08aff6e8aa',1443614376,'2414ef8b2da83d05dc3971a7c06593e4'),('5f6bc08c46cee6f21bfcdd08aff6e8aa','9a6dd283c3de653fbca500f9721f634f',1443614391,'2414ef8b2da83d05dc3971a7c06593e4'),('5f6bc08c46cee6f21bfcdd08aff6e8aa','9bc65c2abec141778ffaa729489f3e87',1443614339,'2414ef8b2da83d05dc3971a7c06593e4'),('5f6bc08c46cee6f21bfcdd08aff6e8aa','bf001056fdb6d253036b96f2f33f8f96',1443614338,'2414ef8b2da83d05dc3971a7c06593e4'),('5f6bc08c46cee6f21bfcdd08aff6e8aa','da75cd652254fce37e953d7f261f132d',1443614660,'2414ef8b2da83d05dc3971a7c06593e4'),('5f6bc08c46cee6f21bfcdd08aff6e8aa','f867a4fdb09b251cca05d0a8937af271',1443614692,'2414ef8b2da83d05dc3971a7c06593e4'),('5f6bc08c46cee6f21bfcdd08aff6e8aa','fe5fe0415fc3e0ff4942d8454f363d2c',1443614703,'2414ef8b2da83d05dc3971a7c06593e4'),('9a6dd283c3de653fbca500f9721f634f','0919fe44fdbbd233e5e2e8587006b7b2',1443614354,'2414ef8b2da83d05dc3971a7c06593e4'),('9a6dd283c3de653fbca500f9721f634f','18958e30bdca0cfac8256824e570a89b',1443614365,'2414ef8b2da83d05dc3971a7c06593e4'),('9a6dd283c3de653fbca500f9721f634f','1bc29b36f623ba82aaf6724fd3b16718',1443614649,'2414ef8b2da83d05dc3971a7c06593e4'),('9a6dd283c3de653fbca500f9721f634f','21cec257feb15bcc84e0acd5b0773883',1443614672,'2414ef8b2da83d05dc3971a7c06593e4'),('9a6dd283c3de653fbca500f9721f634f','2af72f100c356273d46284f6fd1dfc08',1443614681,'2414ef8b2da83d05dc3971a7c06593e4'),('9a6dd283c3de653fbca500f9721f634f','418c5509e2171d55b0aee5c2ea4442b5',1443614715,'2414ef8b2da83d05dc3971a7c06593e4'),('9a6dd283c3de653fbca500f9721f634f','5f6bc08c46cee6f21bfcdd08aff6e8aa',1443614376,'2414ef8b2da83d05dc3971a7c06593e4'),('9a6dd283c3de653fbca500f9721f634f','9a6dd283c3de653fbca500f9721f634f',1443614391,'2414ef8b2da83d05dc3971a7c06593e4'),('9a6dd283c3de653fbca500f9721f634f','9bc65c2abec141778ffaa729489f3e87',1443614339,'2414ef8b2da83d05dc3971a7c06593e4'),('9a6dd283c3de653fbca500f9721f634f','bf001056fdb6d253036b96f2f33f8f96',1443614338,'2414ef8b2da83d05dc3971a7c06593e4'),('9a6dd283c3de653fbca500f9721f634f','da75cd652254fce37e953d7f261f132d',1443614660,'2414ef8b2da83d05dc3971a7c06593e4'),('9a6dd283c3de653fbca500f9721f634f','f867a4fdb09b251cca05d0a8937af271',1443614692,'2414ef8b2da83d05dc3971a7c06593e4'),('9a6dd283c3de653fbca500f9721f634f','fe5fe0415fc3e0ff4942d8454f363d2c',1443614703,'2414ef8b2da83d05dc3971a7c06593e4'),('9bc65c2abec141778ffaa729489f3e87','0919fe44fdbbd233e5e2e8587006b7b2',1443614354,'2414ef8b2da83d05dc3971a7c06593e4'),('9bc65c2abec141778ffaa729489f3e87','18958e30bdca0cfac8256824e570a89b',1443614365,'2414ef8b2da83d05dc3971a7c06593e4'),('9bc65c2abec141778ffaa729489f3e87','1bc29b36f623ba82aaf6724fd3b16718',1443614649,'2414ef8b2da83d05dc3971a7c06593e4'),('9bc65c2abec141778ffaa729489f3e87','21cec257feb15bcc84e0acd5b0773883',1443614672,'2414ef8b2da83d05dc3971a7c06593e4'),('9bc65c2abec141778ffaa729489f3e87','2af72f100c356273d46284f6fd1dfc08',1443614681,'2414ef8b2da83d05dc3971a7c06593e4'),('9bc65c2abec141778ffaa729489f3e87','418c5509e2171d55b0aee5c2ea4442b5',1443614715,'2414ef8b2da83d05dc3971a7c06593e4'),('9bc65c2abec141778ffaa729489f3e87','5f6bc08c46cee6f21bfcdd08aff6e8aa',1443614376,'2414ef8b2da83d05dc3971a7c06593e4'),('9bc65c2abec141778ffaa729489f3e87','9a6dd283c3de653fbca500f9721f634f',1443614391,'2414ef8b2da83d05dc3971a7c06593e4'),('9bc65c2abec141778ffaa729489f3e87','9bc65c2abec141778ffaa729489f3e87',1443614339,'2414ef8b2da83d05dc3971a7c06593e4'),('9bc65c2abec141778ffaa729489f3e87','bf001056fdb6d253036b96f2f33f8f96',1443614338,'2414ef8b2da83d05dc3971a7c06593e4'),('9bc65c2abec141778ffaa729489f3e87','da75cd652254fce37e953d7f261f132d',1443614660,'2414ef8b2da83d05dc3971a7c06593e4'),('9bc65c2abec141778ffaa729489f3e87','f867a4fdb09b251cca05d0a8937af271',1443614692,'2414ef8b2da83d05dc3971a7c06593e4'),('9bc65c2abec141778ffaa729489f3e87','fe5fe0415fc3e0ff4942d8454f363d2c',1443614703,'2414ef8b2da83d05dc3971a7c06593e4'),('bf001056fdb6d253036b96f2f33f8f96','0919fe44fdbbd233e5e2e8587006b7b2',1443614354,'2414ef8b2da83d05dc3971a7c06593e4'),('bf001056fdb6d253036b96f2f33f8f96','18958e30bdca0cfac8256824e570a89b',1443614365,'2414ef8b2da83d05dc3971a7c06593e4'),('bf001056fdb6d253036b96f2f33f8f96','1bc29b36f623ba82aaf6724fd3b16718',1443614649,'2414ef8b2da83d05dc3971a7c06593e4'),('bf001056fdb6d253036b96f2f33f8f96','21cec257feb15bcc84e0acd5b0773883',1443614672,'2414ef8b2da83d05dc3971a7c06593e4'),('bf001056fdb6d253036b96f2f33f8f96','2af72f100c356273d46284f6fd1dfc08',1443614681,'2414ef8b2da83d05dc3971a7c06593e4'),('bf001056fdb6d253036b96f2f33f8f96','418c5509e2171d55b0aee5c2ea4442b5',1443614715,'2414ef8b2da83d05dc3971a7c06593e4'),('bf001056fdb6d253036b96f2f33f8f96','5f6bc08c46cee6f21bfcdd08aff6e8aa',1443614376,'2414ef8b2da83d05dc3971a7c06593e4'),('bf001056fdb6d253036b96f2f33f8f96','9a6dd283c3de653fbca500f9721f634f',1443614391,'2414ef8b2da83d05dc3971a7c06593e4'),('bf001056fdb6d253036b96f2f33f8f96','9bc65c2abec141778ffaa729489f3e87',1443614339,'2414ef8b2da83d05dc3971a7c06593e4'),('bf001056fdb6d253036b96f2f33f8f96','bf001056fdb6d253036b96f2f33f8f96',1443614338,'2414ef8b2da83d05dc3971a7c06593e4'),('bf001056fdb6d253036b96f2f33f8f96','da75cd652254fce37e953d7f261f132d',1443614660,'2414ef8b2da83d05dc3971a7c06593e4'),('bf001056fdb6d253036b96f2f33f8f96','f867a4fdb09b251cca05d0a8937af271',1443614692,'2414ef8b2da83d05dc3971a7c06593e4'),('bf001056fdb6d253036b96f2f33f8f96','fe5fe0415fc3e0ff4942d8454f363d2c',1443614703,'2414ef8b2da83d05dc3971a7c06593e4'),('da75cd652254fce37e953d7f261f132d','0919fe44fdbbd233e5e2e8587006b7b2',1443614354,'2414ef8b2da83d05dc3971a7c06593e4'),('da75cd652254fce37e953d7f261f132d','18958e30bdca0cfac8256824e570a89b',1443614365,'2414ef8b2da83d05dc3971a7c06593e4'),('da75cd652254fce37e953d7f261f132d','1bc29b36f623ba82aaf6724fd3b16718',1443614649,'2414ef8b2da83d05dc3971a7c06593e4'),('da75cd652254fce37e953d7f261f132d','21cec257feb15bcc84e0acd5b0773883',1443614672,'2414ef8b2da83d05dc3971a7c06593e4'),('da75cd652254fce37e953d7f261f132d','2af72f100c356273d46284f6fd1dfc08',1443614681,'2414ef8b2da83d05dc3971a7c06593e4'),('da75cd652254fce37e953d7f261f132d','418c5509e2171d55b0aee5c2ea4442b5',1443614715,'2414ef8b2da83d05dc3971a7c06593e4'),('da75cd652254fce37e953d7f261f132d','5f6bc08c46cee6f21bfcdd08aff6e8aa',1443614376,'2414ef8b2da83d05dc3971a7c06593e4'),('da75cd652254fce37e953d7f261f132d','9a6dd283c3de653fbca500f9721f634f',1443614391,'2414ef8b2da83d05dc3971a7c06593e4'),('da75cd652254fce37e953d7f261f132d','9bc65c2abec141778ffaa729489f3e87',1443614339,'2414ef8b2da83d05dc3971a7c06593e4'),('da75cd652254fce37e953d7f261f132d','bf001056fdb6d253036b96f2f33f8f96',1443614338,'2414ef8b2da83d05dc3971a7c06593e4'),('da75cd652254fce37e953d7f261f132d','da75cd652254fce37e953d7f261f132d',1443614660,'2414ef8b2da83d05dc3971a7c06593e4'),('da75cd652254fce37e953d7f261f132d','f867a4fdb09b251cca05d0a8937af271',1443614692,'2414ef8b2da83d05dc3971a7c06593e4'),('da75cd652254fce37e953d7f261f132d','fe5fe0415fc3e0ff4942d8454f363d2c',1443614703,'2414ef8b2da83d05dc3971a7c06593e4'),('f867a4fdb09b251cca05d0a8937af271','0919fe44fdbbd233e5e2e8587006b7b2',1443614354,'2414ef8b2da83d05dc3971a7c06593e4'),('f867a4fdb09b251cca05d0a8937af271','18958e30bdca0cfac8256824e570a89b',1443614365,'2414ef8b2da83d05dc3971a7c06593e4'),('f867a4fdb09b251cca05d0a8937af271','1bc29b36f623ba82aaf6724fd3b16718',1443614649,'2414ef8b2da83d05dc3971a7c06593e4'),('f867a4fdb09b251cca05d0a8937af271','21cec257feb15bcc84e0acd5b0773883',1443614672,'2414ef8b2da83d05dc3971a7c06593e4'),('f867a4fdb09b251cca05d0a8937af271','2af72f100c356273d46284f6fd1dfc08',1443614681,'2414ef8b2da83d05dc3971a7c06593e4'),('f867a4fdb09b251cca05d0a8937af271','418c5509e2171d55b0aee5c2ea4442b5',1443614715,'2414ef8b2da83d05dc3971a7c06593e4'),('f867a4fdb09b251cca05d0a8937af271','5f6bc08c46cee6f21bfcdd08aff6e8aa',1443614376,'2414ef8b2da83d05dc3971a7c06593e4'),('f867a4fdb09b251cca05d0a8937af271','9a6dd283c3de653fbca500f9721f634f',1443614391,'2414ef8b2da83d05dc3971a7c06593e4'),('f867a4fdb09b251cca05d0a8937af271','9bc65c2abec141778ffaa729489f3e87',1443614339,'2414ef8b2da83d05dc3971a7c06593e4'),('f867a4fdb09b251cca05d0a8937af271','bf001056fdb6d253036b96f2f33f8f96',1443614338,'2414ef8b2da83d05dc3971a7c06593e4'),('f867a4fdb09b251cca05d0a8937af271','da75cd652254fce37e953d7f261f132d',1443614660,'2414ef8b2da83d05dc3971a7c06593e4'),('f867a4fdb09b251cca05d0a8937af271','f867a4fdb09b251cca05d0a8937af271',1443614692,'2414ef8b2da83d05dc3971a7c06593e4'),('f867a4fdb09b251cca05d0a8937af271','fe5fe0415fc3e0ff4942d8454f363d2c',1443614703,'2414ef8b2da83d05dc3971a7c06593e4'),('fe5fe0415fc3e0ff4942d8454f363d2c','0919fe44fdbbd233e5e2e8587006b7b2',1443614354,'2414ef8b2da83d05dc3971a7c06593e4'),('fe5fe0415fc3e0ff4942d8454f363d2c','18958e30bdca0cfac8256824e570a89b',1443614365,'2414ef8b2da83d05dc3971a7c06593e4'),('fe5fe0415fc3e0ff4942d8454f363d2c','1bc29b36f623ba82aaf6724fd3b16718',1443614649,'2414ef8b2da83d05dc3971a7c06593e4'),('fe5fe0415fc3e0ff4942d8454f363d2c','21cec257feb15bcc84e0acd5b0773883',1443614672,'2414ef8b2da83d05dc3971a7c06593e4'),('fe5fe0415fc3e0ff4942d8454f363d2c','2af72f100c356273d46284f6fd1dfc08',1443614681,'2414ef8b2da83d05dc3971a7c06593e4'),('fe5fe0415fc3e0ff4942d8454f363d2c','418c5509e2171d55b0aee5c2ea4442b5',1443614715,'2414ef8b2da83d05dc3971a7c06593e4'),('fe5fe0415fc3e0ff4942d8454f363d2c','5f6bc08c46cee6f21bfcdd08aff6e8aa',1443614376,'2414ef8b2da83d05dc3971a7c06593e4'),('fe5fe0415fc3e0ff4942d8454f363d2c','9a6dd283c3de653fbca500f9721f634f',1443614391,'2414ef8b2da83d05dc3971a7c06593e4'),('fe5fe0415fc3e0ff4942d8454f363d2c','9bc65c2abec141778ffaa729489f3e87',1443614339,'2414ef8b2da83d05dc3971a7c06593e4'),('fe5fe0415fc3e0ff4942d8454f363d2c','bf001056fdb6d253036b96f2f33f8f96',1443614338,'2414ef8b2da83d05dc3971a7c06593e4'),('fe5fe0415fc3e0ff4942d8454f363d2c','da75cd652254fce37e953d7f261f132d',1443614660,'2414ef8b2da83d05dc3971a7c06593e4'),('fe5fe0415fc3e0ff4942d8454f363d2c','f867a4fdb09b251cca05d0a8937af271',1443614692,'2414ef8b2da83d05dc3971a7c06593e4'),('fe5fe0415fc3e0ff4942d8454f363d2c','fe5fe0415fc3e0ff4942d8454f363d2c',1443614703,'2414ef8b2da83d05dc3971a7c06593e4');
/*!40000 ALTER TABLE `links` ENABLE KEYS */;
UNLOCK TABLES;

--
-- Dumping data for table `nomail`
--

LOCK TABLES `nomail` WRITE;
/*!40000 ALTER TABLE `nomail` DISABLE KEYS */;
/*!40000 ALTER TABLE `nomail` ENABLE KEYS */;
UNLOCK TABLES;

--
-- Dumping data for table `posts`
--

LOCK TABLES `posts` WRITE;
/*!40000 ALTER TABLE `posts` DISABLE KEYS */;
INSERT INTO `posts` VALUES (1,'[g]Posts[/g]\n\nPosts on [g]Con(phi)[/g][g_]d[/g_] are recorded with a timestamp and your current name. Changing your name via Settings will NOT change the name associated with your previous posts. This means a change in name can be used as a proper disassociation from your past posts. You will, however, retain the right to edit your old posts and participate in sealed threads that contain posts saved against an old name (as long as your account level permits such actions).\n\nEvery post has an ID (shown underneath the post body to the left of the timestamp). The post\'s ID is used to reference the post in a number of commands (e.g., editing, replying etc.) and can be clicked on to pre-load the submission box the a reply command for that post.\n\nReplying to a post will preface your post with \"re:\" followed by the post ID, notify the user who made the post you\'re replying to and attach an icon ([x](rep)[/x]) with the number of replies in the metadata of the replied to post.\n\nEditing a post will place an icon ([x](edt)[/x]) in the post\'s metadata to signify that the post has been edited and replies to the post may no longer be relevant or have the same context as they did when first made. An edit history of individual posts is not available to other users but the information is kept for moderation and administrative purposes (dispute resolution etc.).\n\nUrls in posts will automatically become links. Md5 hashes in posts will become links to the tread with that hash if the hash is immediately preceded by a \"#\" character.',1443510479,'18958e30bdca0cfac8256824e570a89b','Administrator','::1','x_',NULL,'2414ef8b2da83d05dc3971a7c06593e4'),(2,'[g]Threads[/g]\n\nThreads, in most cases, will simply consist of a hash against which posts can be made. Options are available for controlling access to threads, however. These options will need to be invoked by an administrator or moderator.\n\n[y]Navigation[/y]\nTo navigate between threads, use the \"[b]>go[/b]\" command followed by the thread\'s hash (e.g., \"[b]>go 0919fe44fdbbd233e5e2e8587006b7b2[/b]\" will navigate to this thread). Instead of a hash, a string of characters can be used to navigate to the hash of those characters (e.g., \"[b]>go threads[/b]\" will navigate to this thread, too because \"0919fe44fdbbd233e5e2e8587006b7b2\" is the md5 hash of the string \"threads\").\n\n	[c]Feed[/c] ([b](fed)[/b])\n	The feed is best way to publicly expose a thread to the [g]Con(phi)[/g][g_]d[/g_] community. The feed is visible to every [g]Con(phi)[/g][g_]d[/g_] user and the \"[b]>bump[/b]\" command bumps the current thread to the top of the feed for everyone to see. A thread can only be bumped once every 24 hours so optimal exposure may require careful timing.\n\n	[c]Links[/c] ([w](lnk)[/w])\n	The links system allows threads to be linked together and is designed to allow easy navigation between threads with related content. A thread\'s links can be viewed by clicking the ([w](lnk)[/w]) tab in the panel to the top right of the main panel.\n\n	[c]Bookmarks[/c] ([r](bkm)[/r])\n	To bookmark a thread, simply run the command \"[b]>bookmark[/b]\" and the current thread will be added to your bookmarks. Bookmarks are accessible by clicking the ([r](bkm)[/r]) tab in the panel to the top right of the main panel. A bookmark icon will also appear beside the thread hash if you have bookmarked the current thread.\n\n	[c]Subscriptions[/c] ([y](sub)[/y])\n	You can subscribe to a thread by entering the \"[b]>subscribe[/b]\" command. Subscribed threads will send you a notification when new posts are made therein. If you are in a thread that you are currently subscribed to, a bell icon will appear beside the thread hash ([y](sub)[/y]).\n\n[y]Moderators[/y]\nA thread may have a moderator assigned to it to watch over the thread and make sure it continues to be useful and serve its intended purpose. In order to do this, a thread\'s moderator is granted special privileges that only apply inside their threads. If a thread has a moderator, the icon ((mod)) will appear beside the thread\'s hash. Hovering over the icon with your mouse will reveal the name of the moderator.\n\nModerators can only be appointed by admins but the existing moderator is able to appoint a new moderator (although doing so will relieve them of their moderator status).\n\n[y]Locks[/y]\nThreads can be locked selectively or absolutely to prevent unwanted posting or commands being run against them. Threads with any kind of restrictions will have a padlock icon beside their hash. The padlock may be open ([r](ulk)[/r]) or closed ([r](lck)[/r]) depending on whether or not your account permits posting in the thread. Below are the types of thread locks available:\n\n	[c]Locked[/c] ([r](lck)[/r])\n	Locked threads cannot be posted in by anyone except the thread\'s moderator.\n\n	[c]Leveled[/c] ([y](lck) (*)n[/y])\n	Leveled threads set a minimum account level required by anyone wishing to post in the thread or run commands against it.\n\n	[c]Sealed[/c] ([b](lck) (key)[/b])\n	Sealed threads can only be posted in by accounts which have posted in the thread prior to it becoming sealed.\n\n	[c]Hidden[/c] ([r](hid)[/r])\n	The hidden thread property works differently to other locks; if a thread is hidden, only users who are able to post in the thread are able to view its content.',1443425881,'0919fe44fdbbd233e5e2e8587006b7b2','Administrator','::1','x_',NULL,'2414ef8b2da83d05dc3971a7c06593e4'),(3,'[g]Users[/g]\n\n[g]Con(phi)[/g][g_]d[/g_] does not use the conventional username and password system. Instead, your user hash is all you need to access your account. It effectively acts as your username AND password all in one. For this reason, you should not give out your user hash to anyone. You can check your user hash with the \"[b]>iam[/b]\" command (as long as no parameter is given with the command). Once you have your hash, you can log in under the same hash using the \"[b]>iam[/b]\" command but passing in the hash as the parameter (e.g., \"[b]>iam[/b] [c]0cc175b9c0f1b6a831c399e269772661[/c]\"). If a non-md5-hash parameter is passed into the [b]>iam[/b] command, the string will be hashed and the resulting hash will be used. (i.e., \"[b]>iam[/b] [c]a[/c]\" is equivalent to \"[b]>iam[/b] [c]0cc175b9c0f1b6a831c399e269772661[/c]\").\n\n[r]We strongly recommend using the random hash provided to you on initial login rather than opting for the hash of some kind of word or phrase![/r]\n\nThe top right corner of the screen contains information on the currently logged in user (i.e., username, level and IP address). When you first access (con) you are allocated a random hash and a random, pronounceable username.\n\nUsers on [g]Con(phi)[/g][g_]d[/g_] are sorted into account levels (shown in the info bar with a [y](*)[/y]). As your account level increases, so do your privileges and accountability.\n\n[c]Account level [y](*)0[/y]:[/c]\nAccount level [y](*)0[/y] is an anonymous account. It has a random hash and a random name. Simply browsing to conphid.com will grant a user with a [y](*)0[/y] account. It has almost not accountability and minimal privileges. Flood control restrictions* are high.\n\n[c]Account level [y](*)1[/y]:[/c]\nAccount level [y](*)1[/y] is given to a user who has assigned a name to their hash. To do this, load the \"Settings\" app with the command \"[b]>load[/b] [c]settings[/c]\" then use the \"[b]>name[/b]\" command to set your desired name (e.g., \"[b]>name[/b] [c]Fred[/c]\"). Since an account name can only be changed once a week, this comes with an inherent amount of accountability. It also grants access to new commands, formatting options (viewable with \"[b]>palette[/b]\") and reduced flood control. Most account personalisation options open up including the use of hotkeys, subscriptions, bookmarks and the ability to receive invitations.\n\n[c]Account level [y](*)2[/y]:[/c]\nAccount level [y](*)2[/y] is granted when you register an email address to your account. This is done by loading the \"settings\" app with the command \"[b]>load[/b] [c]settings[/c]\" and then using the \"[b]>register[/b]\" command to send a verification email to the nominated address (e.g., \"[b]>register[/b] [c]fred@domain.com[/c]\"). The verification email will contain a link which will register your email address to your user account. An account at level [y](*)2[/y] is regarded to be a full-featured account.\n\n[c]Account level [y](*)3[/y]:[/c]\nAccount level [y](*)3[/y] is granted after you have made 100 posts on 100 different days. Additional commands and formatting options will be made available that will allow the user to perform light moderator duties if they see fit.\n\nAccounts levels exceeding [y](*)3[/y] are manually appointed by staff to allow for the completion of specific tasks.\n\n*Flood control restrctions refer to the minimum time that must elapse between consecutive posts.',1443564910,'9bc65c2abec141778ffaa729489f3e87','Administrator','::1','x_',NULL,'2414ef8b2da83d05dc3971a7c06593e4'),(4,'[g]Apps[/g]\n\nApps provide extensions to [g]Con(phi)[/g][g_]d[/g_]\'s capabilities. They have their own commands and the ability to capture, use, modify or process in some other way, the inputted text or commands to [g]Con(phi)[/g][g_]d[/g_]. Apps also provide a way of clustering related cpabilities (e.g., the Settings app contains all the commands related to account customisation and management whilst the Admin app contains all the commands related to thread moderation). As [g]Con(phi)[/g][g_]d[/g_] development pushes its capabilities further, apps will help sort and catalog those capabilities.\n\nApps are loaded using the \"[b]>load[/b]\" command and unloaded with \"[b]>unload[/b]\". Only one app can be loaded at a time and apps must be unloaded before another can be loaded. The bar at the top of the App Panel (bottom right) displays the name of the currently loaded app (where applicable).\n\nTo see a list of available apps, run the \"[b]>applist[/b]\" command.',1443425498,'9a6dd283c3de653fbca500f9721f634f','Administrator','::1','x_',NULL,'2414ef8b2da83d05dc3971a7c06593e4'),(5,'[g] Welcome to Con(phi)[g_]d[/g_]![/g]\n\n[g]Con(phi)[/g][g_]d[/g_] is an experimental chat / forum platform. Making heavy use of md5* hashes for sorting and identification, Conphid is a new blend of familiar paradigms and experimental ideas.\n\n[g]What do I do?[/g]\nThe box at the bottom is the submission box. This is where you write and submit your posts. This is also where you formulate and execute [g]Con(phi)[/g][g_]d[/g_] commands. To write a command, start your submission with a right-pointing chevron like this: [b]>[/b]. This will put the input in command mode. This will also make the text in the submission box [b]blue[/b]. To see a list of commands, submit \"[b]>commlist[/b]\". For further help on a particular command, input the command with a question mark attached (e.g., \"[b]>commlist?[/b]\"). For more information on commands, visit the command help thread from the linked thread panel to the right.\n\n[g]Rules[/g]\nIt is the intention of the developers that [g]Con(phi)[/g][g_]d[/g_] will endeavor to have a few rules as possible with a minimum-effective-dose approach to content moderation. Moving a thread to a hash with less exposure will always be preferred to the deletion of content. Low discoverability of non-bumped content is an important means of creating private, invitation only channels that remain open to anyone interested and we will try to utilise this effect first always.\n\nThe following basic rules should still be loosely observed:\n	[b](b1)[/b] General respect is encouraged but moderator discretion is rule. You can say anything you like here but be aware of the implications of what you\'re saying and remember that it is written in ink.\n	[b](b1)[/b] An exact set of rules is not, in our view, appropriate at this time; engage in the same way that you would general conversation elsewhere.\n	[b](b1)[/b] Bumped threads will receive much higher exposure than non-bumped threads and so will also, by extension, gain the attention of moderators and admins.\n	[b](b1)[/b] [g]Con(phi)[/g][g_]d[/g_] does not believe in heavy moderation but will respond in an appropriate way to matters that compromise community cohesion or matters of questionable legality.\n	[b](b1)[/b] Deletion or censorship will always be secondary to moving a conversation to a place with less exposure.\n	[b](b1)[/b] Obviously this loose set of rules and minimal moderation is a model that will need to be refined and tweaked over time. We ask for you patience while the correct balance is sought.\n\n[g]The Interface[/g]\nThe interface is made of of a series of panes. In order of largest to smallest, going counter-clockwise from this pane, the panes names and function are as follows:\n\n	[y]Main[/y]\n	The Main pane is where the contents of the current thread(dg) are displayed; the main chat window. The bottom of the Main pane consists of the submission box. This is where you input the body text of your post or formulate commands.\n\n	[y]App[/y]\n	The App pane displays output from Conphid apps(ddg) or system notifications (letting you know when commands succeed or fail).\n\n	[y]Notifications[/y]\n	The Notifications pane displays various account notifications including invitations by other users to threads, replies to your posts or new submissions to threads you are subscribed to.\n\n	[y]Lists[/y]\n	The lists pane consists of three sections accessible by the tabs at the bottom:\n\n		[c]Feed[/c] ([b](fed)[/b])\n		The feed is where \"pinned\" and \"bumped\" threads are listed. Pinned threads persist at the top of the list and bumped threads move down the list, replaced by subsequently bumped threads. Threads must be bumped manually; posting in a thread will not bump it automatically.\n\n		[c]Links[/c] ([w](lnk)[/w])\n		Links contains a list of links to other threads. Links should be made between threads based on related content. Accessing linked threads or using the feed is the only way to browse content on Conphid. Unlinked content outside the feed must be found with pre-existing knowledge of its location.\n\n		[c]Bookmarks[/c] ([r](bkm)[/r])\n		Bookmarks can be added to threads that you might want to revisit in the future. Bookmarks displays a list of bookmarked threads.\n\n	[y]Info Bar[/y]\n	Across the top of the page is the Info Bar. It gives you important at-a-glance information about the current thread(dg) and logged in user**.\n\n* [md5]\n(dg) [threads]\n(ddg) [apps]\n** [user]',1443425908,'bf001056fdb6d253036b96f2f33f8f96','Administrator','::1','x_',NULL,'2414ef8b2da83d05dc3971a7c06593e4'),(6,'[g]Commands[/g]\n\nAll of [g]Con(phi)[/g][g_]d[/g_]\'s capabilities are accessed via commands. To run a command, start your submission with a right-pointing chevron like this: [b]>[/b]. This will put the submission box in command mode. This will also make the text in the submission box [b]blue[/b]. The chevron should be followed by the name of the command (e.g., \"[b]>load[/b]\"). If the command accepts a parameter, leave a space after the command name and type out your parameter(s) (e.g., \"[b]>load[/b] [c]settings[/c]\").\n\nIf we take the command \"[b]>load[/b] [c]settings[/c]\" as out example, working left to right we see the chevron (\"[b]>[/b]\") used to signify command mode, the command name (\"[b]load[/b]\") showing that we intend to run the load command and the parameter (\"[c]settings[/c]\") showing that when the load command is run, it should be run using the term \"settings\" as instructions for how it should function (or in this specific example, we ask it to load and pass in the name of the app we intend to load; this command will load the settings app).\n\nFor additional help pertaining to a specific function, input the function with a question mark attached to the function name like this: \"[b]>commlist?[/b]\". This will display function help and show and example of usage.',1443477914,'5f6bc08c46cee6f21bfcdd08aff6e8aa','Administrator','::1','x_',NULL,'2414ef8b2da83d05dc3971a7c06593e4'),(7,'[g]Version History[/g]\n\n[y]v0.1β[/y]\n	[b](b1)[/b] Initial beta release.',1443479561,'2af72f100c356273d46284f6fd1dfc08','Administrator','::1','x_',NULL,'2414ef8b2da83d05dc3971a7c06593e4'),(8,'[g]Known Issues[/g]\n\nThis thread will provide a list of known issues that are in the process of being fixed. Before a bug is reported or a new feature requested, this list should be checked to make sure we aren\'t already working on it.\n\n[r](b1)[/r] Separate threads open in different tabs causes problems since each user can only access one thread at a time.\n[r](b1)[/r] If you don\'t have any bookmarks, the bookmarks tab shows \"no bookmarks\" twice.',1443511329,'fe5fe0415fc3e0ff4942d8454f363d2c','Administrator','::1','x_',NULL,'2414ef8b2da83d05dc3971a7c06593e4'),(9,'[g]Planned Improvements[/g]\n\nA list of planned improvements will be kept in this thread so that the [g]Con(phi)[/g][g_]d[/g_] community is able to know what new features will soon be available to them.\n\n[m](b2)[/m] Alternate colour scheme for those who prefer reading black on white.\n[m](b2)[/m] If required, some kind of method for blacklisting certain users or IP addresses from certain threads.\n[m](b2)[/m] Private message system (plans exist for a simple thread-based solution).\n',1443511071,'f867a4fdb09b251cca05d0a8937af271','Administrator','::1','x_',NULL,'2414ef8b2da83d05dc3971a7c06593e4'),(10,'[g]Md5[/g]\n\nMd5 is a popular cryptographic hash function which produces, for all intents and purposes, a 32 character long string of numbers 0-9 and letters a-f (e.g., \"bf001056fdb6d253036b96f2f33f8f96\").\n\n\"MD\" stands for \"message digest\" as the function \"digests\" a message and produces a seemingly \"random\" hash based on that message. An identical message will always produce an identical md5 hash but a slight change in message will completely alter the md5 hash.\n\nNo matter how long or short the input is, the md5 output will always be 32 characters.\n\n[y]Examples of hashes:[/y]\n\n\"[c]Conphid[/c]\"	[g]bf001056fdb6d253036b96f2f33f8f96[/g]\n\"[c]a[/c]\"		[g]0cc175b9c0f1b6a831c399e269772661[/g]\n\"[c]b[/c]\"		[g]92eb5ffee6ae2fec3ad71c777531578f[/g]\n\"[c]ab[/c]\"		[g]187ef4436122d1cc2f40dc2b92f0eba0[/g]\n\n\"[c]The quick brown fox jumps over the lazy dog[/c]\"	[g]9e107d9d372bb6826bd81d3542a419d6[/g]\n\"[c]The quick brown fox jumps over the lazy dog![/c]\"	[g]36b728e56a99ed647bf988f3a3c6aeb8[/g]\n\nAlthough the md5 hashing algorithm has had flaws exposed and been \"cryptographically broken\", this does not compromise its usefulness in the context of [g]Con(phi)[/g][g_]d[/g_] since [g]Con(phi)[/g][g_]d[/g_] is not using md5 to encrypt data; it\'s only taking advantage of its high entropy to hide content and accounts behind the unfathomably low odds of guessing them.',1443511194,'1bc29b36f623ba82aaf6724fd3b16718','Administrator','::1','x_',NULL,'2414ef8b2da83d05dc3971a7c06593e4'),(11,'[g]Moderator Action[/g]\n\nFor the sake of transparency, any major moderator action will be listed and justified in this thread. If, however, the (con) community never suffers any major disruptions, this thread will remain empty.',1443563976,'418c5509e2171d55b0aee5c2ea4442b5','Administrator','::1','x_',NULL,'2414ef8b2da83d05dc3971a7c06593e4'),(12,'[g]FAQ[/g]\n\n[y]What does \"Conphid\" mean?[/y]\nConphid doesn\'t mean anything. It combines a few sounds like \"con\" from the world \"console\" describing the look and feel, \"phi\" ((phi)); the ratio by which all the panels are sized and arranged and a \"d\" at the end to make it sound like a familiar word \"confide\".\n\n[y]How does Con(phi)[y_]d[/y_] make money?[/y]\nIt doesn\'t. I consider the running costs of (con) to be the fee I pay for the service. Everyone else gets to use it for free. This isn\'t something that will change.\n\n[y]How do I browse the threads?[/y]\nYou can\'t. The Feed ([b](fed)[/b]) is the only way to browse or to invite strangers to browse your threads. You need to come to (con) knowing what you are looking for. Hiding content in a near-endless sea of hashes is part of (con)\'s security model.\n\n[y]That doesn\'t seem secure at all...?[/y]\nWell that\'s part of the experiment. Where most websites use security models that work like an armoured vault or a wall, (con)\'s security model works more like home security in real life; although your most valuable possessions are probably in your home, most people never suffer a break-in because nobody knows its there and there are so many homes that nobody would know where to start looking. [r]Highly sensitive or personal information should not be stored on Con(phi)[r_]d[/r_] anyway.[/r] (con) should be used with the sensible \"internet mindset\" that you are posting something out to the world and that thing is written in pen.',1443565607,'da75cd652254fce37e953d7f261f132d','Administrator','::1','x_',NULL,'2414ef8b2da83d05dc3971a7c06593e4'),(13,'[g]Privacy Policy[/g]\n\n[y]Information Collected[/y]\n\n(con) takes your privacy seriously. Not because good privacy is good selling point but because we genuinely have no use for any personal information about you and we don\'t want it. We do no market research, sell it to no third parties and have no advertising to try and target. The only information collected about you is the IP address that you make your posts from and your email address (if you voluntarily register for a level [y](*)2[/y] account). Your email address will never have anything sent to it unless:\n\n	[c](b1)[/c] You initiate a command that sends an email to your address (e.g., \"[b]>register[/b]\").\n	[c](b1)[/c] You opt in to email notifications for subscriptions (not yet implemented).\n	[c](b1)[/c] A suspected hi-jacking of a frequently used account occurs.\n	[c](b1)[/c] We are required to for some kind of legal reason (but I can\'t imagine what kind of reason this might be).\n\nWe won\'t send any updates or news to you and will never forward your email address to any third party.\n\n[y]Other[/y]\n\n[r]Private, personal or sensitive information should not be submitted to Con(phi)[r_]d[/r_].[/r]\n\n(con) posts are stored in a secured database however (con) admins can view all posts. At this time, the administration team consists of one member. When posting on (con), always keep the following in mind:\n\n	[c](b1)[/c] (con) should be used with the sensible \"internet mindset\" that you are posting something out to the world and that thing is written in ink.\n	[c](b1)[/c] Thread restrictions (e.g., locks and hidden status) can be altered at any time by thread moderator. The protective measures on threads do not necessarily provide permanent protection for the thread\'s content. That said, moderators should be conduct themselves in a manner that shows respect for the trust invested in them by posters to their threads.',1443598687,'21cec257feb15bcc84e0acd5b0773883','Administrator','::1','x_',NULL,'2414ef8b2da83d05dc3971a7c06593e4');
/*!40000 ALTER TABLE `posts` ENABLE KEYS */;
UNLOCK TABLES;

--
-- Dumping data for table `subscriptions`
--

LOCK TABLES `subscriptions` WRITE;
/*!40000 ALTER TABLE `subscriptions` DISABLE KEYS */;
INSERT INTO `subscriptions` VALUES (2,'2414ef8b2da83d05dc3971a7c06593e4','0919fe44fdbbd233e5e2e8587006b7b2',1),(1,'2414ef8b2da83d05dc3971a7c06593e4','18958e30bdca0cfac8256824e570a89b',1),(10,'2414ef8b2da83d05dc3971a7c06593e4','1bc29b36f623ba82aaf6724fd3b16718',1),(13,'2414ef8b2da83d05dc3971a7c06593e4','21cec257feb15bcc84e0acd5b0773883',1),(7,'2414ef8b2da83d05dc3971a7c06593e4','2af72f100c356273d46284f6fd1dfc08',1),(6,'2414ef8b2da83d05dc3971a7c06593e4','5f6bc08c46cee6f21bfcdd08aff6e8aa',1),(4,'2414ef8b2da83d05dc3971a7c06593e4','9a6dd283c3de653fbca500f9721f634f',1),(3,'2414ef8b2da83d05dc3971a7c06593e4','9bc65c2abec141778ffaa729489f3e87',1),(5,'2414ef8b2da83d05dc3971a7c06593e4','bf001056fdb6d253036b96f2f33f8f96',1),(12,'2414ef8b2da83d05dc3971a7c06593e4','da75cd652254fce37e953d7f261f132d',1),(9,'2414ef8b2da83d05dc3971a7c06593e4','f867a4fdb09b251cca05d0a8937af271',1),(8,'2414ef8b2da83d05dc3971a7c06593e4','fe5fe0415fc3e0ff4942d8454f363d2c',1);
/*!40000 ALTER TABLE `subscriptions` ENABLE KEYS */;
UNLOCK TABLES;

--
-- Dumping data for table `threads`
--

LOCK TABLES `threads` WRITE;
/*!40000 ALTER TABLE `threads` DISABLE KEYS */;
INSERT INTO `threads` VALUES ('0919fe44fdbbd233e5e2e8587006b7b2','Threads',0,1,0,0,'2414ef8b2da83d05dc3971a7c06593e4'),('18958e30bdca0cfac8256824e570a89b','Posts',0,1,0,0,'2414ef8b2da83d05dc3971a7c06593e4'),('1bc29b36f623ba82aaf6724fd3b16718','md5',0,1,0,0,'2414ef8b2da83d05dc3971a7c06593e4'),('21cec257feb15bcc84e0acd5b0773883','Privacy Policy',0,1,0,0,'2414ef8b2da83d05dc3971a7c06593e4'),('2af72f100c356273d46284f6fd1dfc08','Version History',0,1,0,0,'2414ef8b2da83d05dc3971a7c06593e4'),('418c5509e2171d55b0aee5c2ea4442b5','Moderator Action',0,1,0,0,'2414ef8b2da83d05dc3971a7c06593e4'),('5f6bc08c46cee6f21bfcdd08aff6e8aa','Commands',0,1,0,0,'2414ef8b2da83d05dc3971a7c06593e4'),('9a6dd283c3de653fbca500f9721f634f','Apps',0,1,0,0,'2414ef8b2da83d05dc3971a7c06593e4'),('9bc65c2abec141778ffaa729489f3e87','Users',0,1,0,0,'2414ef8b2da83d05dc3971a7c06593e4'),('bf001056fdb6d253036b96f2f33f8f96','About',0,1,0,0,'2414ef8b2da83d05dc3971a7c06593e4'),('d63aadefb84d945d3faa8eaa35f5015d','Glossary',0,1,0,0,'2414ef8b2da83d05dc3971a7c06593e4'),('da75cd652254fce37e953d7f261f132d','FAQ',0,1,0,0,'2414ef8b2da83d05dc3971a7c06593e4'),('f867a4fdb09b251cca05d0a8937af271','Planned Improvements',0,1,0,0,'2414ef8b2da83d05dc3971a7c06593e4'),('fe5fe0415fc3e0ff4942d8454f363d2c','Known Issues',0,1,0,0,'2414ef8b2da83d05dc3971a7c06593e4');
/*!40000 ALTER TABLE `threads` ENABLE KEYS */;
UNLOCK TABLES;

--
-- Dumping data for table `users`
--

LOCK TABLES `users` WRITE;
/*!40000 ALTER TABLE `users` DISABLE KEYS */;
INSERT INTO `users` VALUES ('2414ef8b2da83d05dc3971a7c06593e4','Administrator','{\"TIMESTAMP_FORMAT\":\"r\",\"TIMEZONE\":\"+10\",\"HOTKEYS\":{\"1\":\">lock\",\"2\":\">bookmark\",\"3\":\">mod 2414ef8b2da83d05dc3971a7c06593e4\",\"4\":\"\"}}','{\"1\":1443957148,\"2\":[],\"3\":\"x_\",\"4\":0}',9,'admin@conphid.com');
/*!40000 ALTER TABLE `users` ENABLE KEYS */;
UNLOCK TABLES;
/*!40103 SET TIME_ZONE=@OLD_TIME_ZONE */;

/*!40101 SET SQL_MODE=@OLD_SQL_MODE */;
/*!40014 SET FOREIGN_KEY_CHECKS=@OLD_FOREIGN_KEY_CHECKS */;
/*!40014 SET UNIQUE_CHECKS=@OLD_UNIQUE_CHECKS */;
/*!40101 SET CHARACTER_SET_CLIENT=@OLD_CHARACTER_SET_CLIENT */;
/*!40101 SET CHARACTER_SET_RESULTS=@OLD_CHARACTER_SET_RESULTS */;
/*!40101 SET COLLATION_CONNECTION=@OLD_COLLATION_CONNECTION */;
/*!40111 SET SQL_NOTES=@OLD_SQL_NOTES */;

-- Dump completed on 2015-10-01  8:32:09
